{"cameraMode":{"drawMode":0,"name":"Shaded","section":"Shading Mode"},"sceneLighting":true,"audioPlay":false,"sceneViewState":{"m_AlwaysRefresh":false,"showFog":true,"showSkybox":true,"showFlares":true,"showImageEffects":true,"showParticleSystems":true,"showVisualEffectGraphs":true,"m_FxEnabled":true},"in2DMode":false,"pivot":{"x":-6.1295976638793949,"y":1.5849404335021973,"z":4.536593437194824},"rotation":{"x":-0.09252765029668808,"y":0.8967035412788391,"z":-0.22401487827301026,"w":-0.37037667632102969},"size":1.5957483053207398,"orthographic":false}